{
    "avg_delay_seconds": 139.27659574468086,
    "median_delay_seconds": 28.0,
    "chars_per_second": 1.0391171814406464,
    "capitalization_ratio": 0.8163265306122449,
    "period_ratio": 0.0
}